,hashtags,id,name,screen_name,hashtags_count
0,2016RFF,140003488,IFC Africa,IFCAfrica,1
1,2018MiningIndaba,140003488,IFC Africa,IFCAfrica,1
2,6DecadesOfExperience,140003488,IFC Africa,IFCAfrica,3
3,6DecadesofExperience,140003488,IFC Africa,IFCAfrica,30
4,6decadesofExperience,140003488,IFC Africa,IFCAfrica,2
5,ACF2017,140003488,IFC Africa,IFCAfrica,3
6,ACF2018,140003488,IFC Africa,IFCAfrica,25
7,ACF2019,140003488,IFC Africa,IFCAfrica,18
8,ACF2020,140003488,IFC Africa,IFCAfrica,5
9,AEF18,140003488,IFC Africa,IFCAfrica,6
10,AEF19,140003488,IFC Africa,IFCAfrica,1
11,AFC2018,140003488,IFC Africa,IFCAfrica,1
12,AFIF2017,140003488,IFC Africa,IFCAfrica,17
13,AFRICA,140003488,IFC Africa,IFCAfrica,1
14,AI,140003488,IFC Africa,IFCAfrica,1
15,ATSLDN,140003488,IFC Africa,IFCAfrica,2
16,Abidjan,140003488,IFC Africa,IFCAfrica,13
17,Access,140003488,IFC Africa,IFCAfrica,1
18,AccesstoFinance,140003488,IFC Africa,IFCAfrica,5
19,Accesstofinance,140003488,IFC Africa,IFCAfrica,2
20,Accra,140003488,IFC Africa,IFCAfrica,3
21,Addisababa,140003488,IFC Africa,IFCAfrica,1
22,AfDB,140003488,IFC Africa,IFCAfrica,1
23,AffordableHousing,140003488,IFC Africa,IFCAfrica,3
24,AfrBiz,140003488,IFC Africa,IFCAfrica,1
25,Africa,140003488,IFC Africa,IFCAfrica,308
26,Africa2018,140003488,IFC Africa,IFCAfrica,8
27,AfricaCan,140003488,IFC Africa,IFCAfrica,1
28,AfricaDay,140003488,IFC Africa,IFCAfrica,2
29,Africacan,140003488,IFC Africa,IFCAfrica,1
30,African,140003488,IFC Africa,IFCAfrica,26
31,AfricanCities,140003488,IFC Africa,IFCAfrica,2
32,Africas,140003488,IFC Africa,IFCAfrica,2
33,Afriflora,140003488,IFC Africa,IFCAfrica,1
34,Afrique,140003488,IFC Africa,IFCAfrica,17
35,Agri,140003488,IFC Africa,IFCAfrica,1
36,AgriDigitalDisruption,140003488,IFC Africa,IFCAfrica,6
37,Agribusiness,140003488,IFC Africa,IFCAfrica,3
38,Agriculture,140003488,IFC Africa,IFCAfrica,1
39,Aid,140003488,IFC Africa,IFCAfrica,1
40,Aid4Trade,140003488,IFC Africa,IFCAfrica,3
41,AirtelMoney,140003488,IFC Africa,IFCAfrica,1
42,Angola,140003488,IFC Africa,IFCAfrica,10
43,Asia,140003488,IFC Africa,IFCAfrica,2
44,Azito,140003488,IFC Africa,IFCAfrica,1
45,AzitoPowerPlant,140003488,IFC Africa,IFCAfrica,1
46,BOVIMA,140003488,IFC Africa,IFCAfrica,1
47,Bangladesh,140003488,IFC Africa,IFCAfrica,2
48,Bangweulu,140003488,IFC Africa,IFCAfrica,2
49,Banking,140003488,IFC Africa,IFCAfrica,1
50,BankingOnWomen,140003488,IFC Africa,IFCAfrica,2
51,BankofGhana,140003488,IFC Africa,IFCAfrica,1
52,Banks,140003488,IFC Africa,IFCAfrica,1
53,Banque,140003488,IFC Africa,IFCAfrica,1
54,BeBoldForChange,140003488,IFC Africa,IFCAfrica,5
55,Benban,140003488,IFC Africa,IFCAfrica,1
56,Benin,140003488,IFC Africa,IFCAfrica,1
57,Berlin,140003488,IFC Africa,IFCAfrica,1
58,BilaMipaka,140003488,IFC Africa,IFCAfrica,9
59,Biodiversity,140003488,IFC Africa,IFCAfrica,1
60,Blockchain,140003488,IFC Africa,IFCAfrica,3
61,Blog4Dev,140003488,IFC Africa,IFCAfrica,1
62,Burkina,140003488,IFC Africa,IFCAfrica,3
63,BurkinaFaso,140003488,IFC Africa,IFCAfrica,6
64,Business,140003488,IFC Africa,IFCAfrica,10
65,BusinessToday,140003488,IFC Africa,IFCAfrica,1
66,Businesswoman,140003488,IFC Africa,IFCAfrica,1
67,CASA10,140003488,IFC Africa,IFCAfrica,8
68,CES2020,140003488,IFC Africa,IFCAfrica,2
69,CGAP,140003488,IFC Africa,IFCAfrica,1
70,CIPREL,140003488,IFC Africa,IFCAfrica,1
71,CIV225,140003488,IFC Africa,IFCAfrica,10
72,CIVCorporateGovernance,140003488,IFC Africa,IFCAfrica,2
73,CIVforPPD,140003488,IFC Africa,IFCAfrica,1
74,CNBCAfrica,140003488,IFC Africa,IFCAfrica,3
75,COP22,140003488,IFC Africa,IFCAfrica,4
76,COP23,140003488,IFC Africa,IFCAfrica,1
77,COVID,140003488,IFC Africa,IFCAfrica,1
78,COVID19,140003488,IFC Africa,IFCAfrica,86
79,COVIDー19,140003488,IFC Africa,IFCAfrica,1
80,CRRH,140003488,IFC Africa,IFCAfrica,2
81,CSquared,140003488,IFC Africa,IFCAfrica,1
82,Cameroon,140003488,IFC Africa,IFCAfrica,2
83,CapitalMarkets,140003488,IFC Africa,IFCAfrica,7
84,CapitalMarketsAfrica,140003488,IFC Africa,IFCAfrica,5
85,CapitalMarketsAfrica2017,140003488,IFC Africa,IFCAfrica,22
86,Caribbean,140003488,IFC Africa,IFCAfrica,5
87,CentralBank,140003488,IFC Africa,IFCAfrica,1
88,CheetahsRoundtable,140003488,IFC Africa,IFCAfrica,1
89,ClassicBusiness,140003488,IFC Africa,IFCAfrica,1
90,ClimateChange,140003488,IFC Africa,IFCAfrica,1
91,Communications,140003488,IFC Africa,IFCAfrica,1
92,Companies,140003488,IFC Africa,IFCAfrica,1
93,Competition,140003488,IFC Africa,IFCAfrica,2
94,Congo,140003488,IFC Africa,IFCAfrica,7
95,CoopAcademy,140003488,IFC Africa,IFCAfrica,1
96,CoronaVirus,140003488,IFC Africa,IFCAfrica,2
97,Coronavirus,140003488,IFC Africa,IFCAfrica,3
98,CoronavirusUSA,140003488,IFC Africa,IFCAfrica,1
99,CorpGov,140003488,IFC Africa,IFCAfrica,2
100,CorporateGovernance,140003488,IFC Africa,IFCAfrica,3
101,CorporateGovernanceKE,140003488,IFC Africa,IFCAfrica,18
102,CorporateGovernanceTrainingForJournalists,140003488,IFC Africa,IFCAfrica,1
103,Cote,140003488,IFC Africa,IFCAfrica,4
104,CotedIvoire,140003488,IFC Africa,IFCAfrica,6
105,Cotedivoire,140003488,IFC Africa,IFCAfrica,4
106,Cotton,140003488,IFC Africa,IFCAfrica,1
107,Credit,140003488,IFC Africa,IFCAfrica,1
108,Côte,140003488,IFC Africa,IFCAfrica,2
109,CôtedIvoire,140003488,IFC Africa,IFCAfrica,3
110,DBinAfrica,140003488,IFC Africa,IFCAfrica,14
111,DFF,140003488,IFC Africa,IFCAfrica,1
112,DFFAfrica,140003488,IFC Africa,IFCAfrica,33
113,DFID,140003488,IFC Africa,IFCAfrica,1
114,DFIForum,140003488,IFC Africa,IFCAfrica,1
115,DFIs,140003488,IFC Africa,IFCAfrica,3
116,DFS,140003488,IFC Africa,IFCAfrica,17
117,DGGF,140003488,IFC Africa,IFCAfrica,1
118,DRC,140003488,IFC Africa,IFCAfrica,6
119,DYK,140003488,IFC Africa,IFCAfrica,32
120,Dakar,140003488,IFC Africa,IFCAfrica,7
121,Data,140003488,IFC Africa,IFCAfrica,9
122,DataAnalytics,140003488,IFC Africa,IFCAfrica,3
123,DataScience,140003488,IFC Africa,IFCAfrica,1
124,Datainsights,140003488,IFC Africa,IFCAfrica,1
125,Davos2019,140003488,IFC Africa,IFCAfrica,1
126,DeepDive,140003488,IFC Africa,IFCAfrica,1
127,DgitalFinance,140003488,IFC Africa,IFCAfrica,1
128,DidYouKnow,140003488,IFC Africa,IFCAfrica,8
129,Digital,140003488,IFC Africa,IFCAfrica,2
130,Digital2Equal,140003488,IFC Africa,IFCAfrica,2
131,DigitalEconomy,140003488,IFC Africa,IFCAfrica,1
132,DigitalFinance,140003488,IFC Africa,IFCAfrica,22
133,DigitalSkills,140003488,IFC Africa,IFCAfrica,1
134,Digitalaccess,140003488,IFC Africa,IFCAfrica,1
135,DisruptiveAgriTech,140003488,IFC Africa,IFCAfrica,1
136,Djibouti,140003488,IFC Africa,IFCAfrica,1
137,DoingBiz,140003488,IFC Africa,IFCAfrica,34
138,DoingBusiness,140003488,IFC Africa,IFCAfrica,9
139,DoingBusiness2020,140003488,IFC Africa,IFCAfrica,2
140,Doingbiz,140003488,IFC Africa,IFCAfrica,2
141,DrivingEquality,140003488,IFC Africa,IFCAfrica,1
142,Drones,140003488,IFC Africa,IFCAfrica,1
143,Dubai,140003488,IFC Africa,IFCAfrica,4
144,Dubaï,140003488,IFC Africa,IFCAfrica,2
145,ECOWAS,140003488,IFC Africa,IFCAfrica,2
146,EDBI2017Zambia,140003488,IFC Africa,IFCAfrica,18
147,EDBI2917Zambia,140003488,IFC Africa,IFCAfrica,1
148,EDD16,140003488,IFC Africa,IFCAfrica,6
149,EMCompass,140003488,IFC Africa,IFCAfrica,3
150,EachforEqual,140003488,IFC Africa,IFCAfrica,1
151,EarthDay2020,140003488,IFC Africa,IFCAfrica,1
152,EaseofBusinessAfrica,140003488,IFC Africa,IFCAfrica,1
153,EaseofDoingBusiness,140003488,IFC Africa,IFCAfrica,5
154,EaseofDoingBusinessAfrica,140003488,IFC Africa,IFCAfrica,2
155,EastAfrica,140003488,IFC Africa,IFCAfrica,5
156,Ebola,140003488,IFC Africa,IFCAfrica,3
157,EducationDay,140003488,IFC Africa,IFCAfrica,1
158,Egypt,140003488,IFC Africa,IFCAfrica,5
159,EmergingMarkets,140003488,IFC Africa,IFCAfrica,1
160,Emirats,140003488,IFC Africa,IFCAfrica,1
161,EmpowerWomen,140003488,IFC Africa,IFCAfrica,1
162,EndingChildMarriage,140003488,IFC Africa,IFCAfrica,1
163,Energy2Equal,140003488,IFC Africa,IFCAfrica,3
164,EnergyAccess,140003488,IFC Africa,IFCAfrica,1
165,Entrepreneurs,140003488,IFC Africa,IFCAfrica,2
166,EthioChicken,140003488,IFC Africa,IFCAfrica,1
167,Ethiopia,140003488,IFC Africa,IFCAfrica,19
168,Ethiopie,140003488,IFC Africa,IFCAfrica,2
169,FCS,140003488,IFC Africa,IFCAfrica,1
170,FIHA,140003488,IFC Africa,IFCAfrica,1
171,FTAfricaPayments,140003488,IFC Africa,IFCAfrica,11
172,FTIFCAwards,140003488,IFC Africa,IFCAfrica,47
173,Farmers,140003488,IFC Africa,IFCAfrica,1
174,Fin4DevMOOC,140003488,IFC Africa,IFCAfrica,1
175,Finance,140003488,IFC Africa,IFCAfrica,3
176,Finance2Equal,140003488,IFC Africa,IFCAfrica,1
177,Finance2EqualTanzania,140003488,IFC Africa,IFCAfrica,4
178,FinancialAccess,140003488,IFC Africa,IFCAfrica,1
179,FinancialInclusion,140003488,IFC Africa,IFCAfrica,9
180,FinancialInstitutions,140003488,IFC Africa,IFCAfrica,1
181,Financialinclusion,140003488,IFC Africa,IFCAfrica,4
182,FinclusionWeek,140003488,IFC Africa,IFCAfrica,1
183,Finland,140003488,IFC Africa,IFCAfrica,1
184,Fintech,140003488,IFC Africa,IFCAfrica,1
185,Forum,140003488,IFC Africa,IFCAfrica,1
186,Fragile,140003488,IFC Africa,IFCAfrica,3
187,FragileStates,140003488,IFC Africa,IFCAfrica,3
188,Franceville,140003488,IFC Africa,IFCAfrica,1
189,Freetown,140003488,IFC Africa,IFCAfrica,1
190,French,140003488,IFC Africa,IFCAfrica,1
191,FridayFeeling,140003488,IFC Africa,IFCAfrica,1
192,G20,140003488,IFC Africa,IFCAfrica,1
193,G20OsakaSummit,140003488,IFC Africa,IFCAfrica,1
194,GAFSP,140003488,IFC Africa,IFCAfrica,2
195,GDP,140003488,IFC Africa,IFCAfrica,2
196,GLOBEcapital,140003488,IFC Africa,IFCAfrica,1
197,Gabon,140003488,IFC Africa,IFCAfrica,2
198,Gender,140003488,IFC Africa,IFCAfrica,3
199,GenderBell,140003488,IFC Africa,IFCAfrica,1
200,GenderEquality,140003488,IFC Africa,IFCAfrica,1
201,GenderSmartBiz,140003488,IFC Africa,IFCAfrica,20
202,GendersmartBiz,140003488,IFC Africa,IFCAfrica,4
203,Gendersmartbiz,140003488,IFC Africa,IFCAfrica,10
204,GenerationEquality,140003488,IFC Africa,IFCAfrica,2
205,Germany,140003488,IFC Africa,IFCAfrica,1
206,GermanyGhanaInvestorsForum,140003488,IFC Africa,IFCAfrica,2
207,Ghana,140003488,IFC Africa,IFCAfrica,32
208,GhanaDFSI,140003488,IFC Africa,IFCAfrica,2
209,GhanaStockExchange,140003488,IFC Africa,IFCAfrica,1
210,GlobalLeadershipAward,140003488,IFC Africa,IFCAfrica,1
211,GlobalLeadershipAwards,140003488,IFC Africa,IFCAfrica,1
212,GlobalTechChallenge,140003488,IFC Africa,IFCAfrica,2
213,Goal7,140003488,IFC Africa,IFCAfrica,1
214,Governance,140003488,IFC Africa,IFCAfrica,1
215,GreenBond,140003488,IFC Africa,IFCAfrica,1
216,GreenBonds,140003488,IFC Africa,IFCAfrica,1
217,Guinea,140003488,IFC Africa,IFCAfrica,7
218,Hanoi,140003488,IFC Africa,IFCAfrica,1
219,HappeningNow,140003488,IFC Africa,IFCAfrica,2
220,HappyAfricaDay,140003488,IFC Africa,IFCAfrica,1
221,HerHome,140003488,IFC Africa,IFCAfrica,1
222,Housing,140003488,IFC Africa,IFCAfrica,1
223,HousingFinance,140003488,IFC Africa,IFCAfrica,3
224,IATI,140003488,IFC Africa,IFCAfrica,1
225,ICT,140003488,IFC Africa,IFCAfrica,1
226,IDA18,140003488,IFC Africa,IFCAfrica,1
227,IDAWorks,140003488,IFC Africa,IFCAfrica,1
228,IFC,140003488,IFC Africa,IFCAfrica,38
229,IFCAFrica,140003488,IFC Africa,IFCAfrica,2
230,IFCAfrica,140003488,IFC Africa,IFCAfrica,8
231,IFCClimate,140003488,IFC Africa,IFCAfrica,3
232,IFCCreatingMarkets,140003488,IFC Africa,IFCAfrica,19
233,IFCEducation,140003488,IFC Africa,IFCAfrica,2
234,IFCExchange,140003488,IFC Africa,IFCAfrica,1
235,IFCExchange2018,140003488,IFC Africa,IFCAfrica,1
236,IFCFoodSafety,140003488,IFC Africa,IFCAfrica,4
237,IFCFr,140003488,IFC Africa,IFCAfrica,1
238,IFCFrontierMarkets,140003488,IFC Africa,IFCAfrica,4
239,IFCFrontiermarkets,140003488,IFC Africa,IFCAfrica,1
240,IFCHealth,140003488,IFC Africa,IFCAfrica,1
241,IFCHerHome,140003488,IFC Africa,IFCAfrica,2
242,IFCInclusiveBusinessSolutions,140003488,IFC Africa,IFCAfrica,3
243,IFCInsights,140003488,IFC Africa,IFCAfrica,1
244,IFCMarkets,140003488,IFC Africa,IFCAfrica,2
245,IFCNatResources,140003488,IFC Africa,IFCAfrica,1
246,IFCOrg,140003488,IFC Africa,IFCAfrica,1
247,IFCPerspectives,140003488,IFC Africa,IFCAfrica,2
248,IFCWomen,140003488,IFC Africa,IFCAfrica,1
249,IFCclimate,140003488,IFC Africa,IFCAfrica,8
250,IFCeducation,140003488,IFC Africa,IFCAfrica,3
251,IFCexchange,140003488,IFC Africa,IFCAfrica,16
252,IFCexchange2017,140003488,IFC Africa,IFCAfrica,1
253,IFCgender,140003488,IFC Africa,IFCAfrica,1
254,IFCimpact,140003488,IFC Africa,IFCAfrica,10
255,IFCimpacts,140003488,IFC Africa,IFCAfrica,1
256,IFCinsights,140003488,IFC Africa,IFCAfrica,18
257,IFCmarkets,140003488,IFC Africa,IFCAfrica,51
258,IFCperspectives,140003488,IFC Africa,IFCAfrica,1
259,IFCtrailblazers,140003488,IFC Africa,IFCAfrica,6
260,IFTWA,140003488,IFC Africa,IFCAfrica,5
261,IGNITE2017,140003488,IFC Africa,IFCAfrica,2
262,IGNITE2019,140003488,IFC Africa,IFCAfrica,1
263,ITOCHU,140003488,IFC Africa,IFCAfrica,1
264,IWD,140003488,IFC Africa,IFCAfrica,1
265,IWD2017,140003488,IFC Africa,IFCAfrica,4
266,IWD2017PrivateSector,140003488,IFC Africa,IFCAfrica,5
267,IWD2017Privatesector,140003488,IFC Africa,IFCAfrica,1
268,IWD2018,140003488,IFC Africa,IFCAfrica,5
269,IWD2019,140003488,IFC Africa,IFCAfrica,1
270,IWD2020,140003488,IFC Africa,IFCAfrica,1
271,IWDPrivateSector,140003488,IFC Africa,IFCAfrica,1
272,IamACF,140003488,IFC Africa,IFCAfrica,2
273,Improving,140003488,IFC Africa,IFCAfrica,1
274,InclusiveBusinessSolutions,140003488,IFC Africa,IFCAfrica,1
275,India,140003488,IFC Africa,IFCAfrica,1
276,Infrastructure,140003488,IFC Africa,IFCAfrica,1
277,Innovation,140003488,IFC Africa,IFCAfrica,2
278,InnovativeFinanance,140003488,IFC Africa,IFCAfrica,1
279,InnovativeFinance,140003488,IFC Africa,IFCAfrica,17
280,InnovativeFinancing,140003488,IFC Africa,IFCAfrica,1
281,InnovativeFinnace,140003488,IFC Africa,IFCAfrica,1
282,Insolvency,140003488,IFC Africa,IFCAfrica,1
283,InternationalWomensDay2020,140003488,IFC Africa,IFCAfrica,1
284,Invest4Tomorrow,140003488,IFC Africa,IFCAfrica,8
285,InvestInAfrica,140003488,IFC Africa,IFCAfrica,1
286,InvestInInfra,140003488,IFC Africa,IFCAfrica,1
287,InvestinEgypt,140003488,IFC Africa,IFCAfrica,1
288,Investment,140003488,IFC Africa,IFCAfrica,9
289,Investors4Impact,140003488,IFC Africa,IFCAfrica,5
290,Irrigation,140003488,IFC Africa,IFCAfrica,1
291,Israel,140003488,IFC Africa,IFCAfrica,1
292,JCAP,140003488,IFC Africa,IFCAfrica,1
293,JCAP2020,140003488,IFC Africa,IFCAfrica,14
294,Jakarta,140003488,IFC Africa,IFCAfrica,1
295,Japan,140003488,IFC Africa,IFCAfrica,1
296,JazzDay,140003488,IFC Africa,IFCAfrica,1
297,Job,140003488,IFC Africa,IFCAfrica,1
298,Jobs,140003488,IFC Africa,IFCAfrica,3
299,Jobs4Growth,140003488,IFC Africa,IFCAfrica,2
300,Johannesburg,140003488,IFC Africa,IFCAfrica,3
301,Jumoke,140003488,IFC Africa,IFCAfrica,1
302,KYC,140003488,IFC Africa,IFCAfrica,1
303,Kakuma,140003488,IFC Africa,IFCAfrica,2
304,KamauThugge,140003488,IFC Africa,IFCAfrica,1
305,KeepClientsFirst,140003488,IFC Africa,IFCAfrica,1
306,Kenya,140003488,IFC Africa,IFCAfrica,38
307,KenyaPower,140003488,IFC Africa,IFCAfrica,1
308,Kenyan,140003488,IFC Africa,IFCAfrica,1
309,Kenyans,140003488,IFC Africa,IFCAfrica,1
310,Kigali,140003488,IFC Africa,IFCAfrica,3
311,Kipeto,140003488,IFC Africa,IFCAfrica,1
312,LSV,140003488,IFC Africa,IFCAfrica,1
313,LatinAmerica,140003488,IFC Africa,IFCAfrica,2
314,Lekela,140003488,IFC Africa,IFCAfrica,1
315,Libera,140003488,IFC Africa,IFCAfrica,1
316,Liberia,140003488,IFC Africa,IFCAfrica,17
317,LightingGlobal,140003488,IFC Africa,IFCAfrica,1
318,LiveNow,140003488,IFC Africa,IFCAfrica,1
319,Logistics,140003488,IFC Africa,IFCAfrica,1
320,M,140003488,IFC Africa,IFCAfrica,1
321,MDBs,140003488,IFC Africa,IFCAfrica,1
322,MDBsToolbox,140003488,IFC Africa,IFCAfrica,4
323,MENA,140003488,IFC Africa,IFCAfrica,2
324,MSME,140003488,IFC Africa,IFCAfrica,3
325,MSMEs,140003488,IFC Africa,IFCAfrica,12
326,Mabuhay,140003488,IFC Africa,IFCAfrica,1
327,Madagascar,140003488,IFC Africa,IFCAfrica,5
328,Malawi,140003488,IFC Africa,IFCAfrica,13
329,Mali,140003488,IFC Africa,IFCAfrica,2
330,MandelaDay,140003488,IFC Africa,IFCAfrica,1
331,Maroc,140003488,IFC Africa,IFCAfrica,1
332,Marrakech,140003488,IFC Africa,IFCAfrica,1
333,MasterCardFoundation,140003488,IFC Africa,IFCAfrica,1
334,Mauritania,140003488,IFC Africa,IFCAfrica,9
335,Mauritanie,140003488,IFC Africa,IFCAfrica,1
336,Mauritius,140003488,IFC Africa,IFCAfrica,1
337,Measurement,140003488,IFC Africa,IFCAfrica,3
338,Middle,140003488,IFC Africa,IFCAfrica,5
339,MiddleEast,140003488,IFC Africa,IFCAfrica,13
340,MiningIndaba2020,140003488,IFC Africa,IFCAfrica,2
341,MiningIndustrySolutions,140003488,IFC Africa,IFCAfrica,1
342,Mobile,140003488,IFC Africa,IFCAfrica,2
343,MobileMoney,140003488,IFC Africa,IFCAfrica,2
344,Mobilemoney,140003488,IFC Africa,IFCAfrica,19
345,Mobisol,140003488,IFC Africa,IFCAfrica,3
346,Mombasa,140003488,IFC Africa,IFCAfrica,1
347,Moodys,140003488,IFC Africa,IFCAfrica,1
348,Morocco,140003488,IFC Africa,IFCAfrica,3
349,MoyenOrient,140003488,IFC Africa,IFCAfrica,7
350,NGBMD,140003488,IFC Africa,IFCAfrica,1
351,Nairobi,140003488,IFC Africa,IFCAfrica,14
352,NationalNutDay,140003488,IFC Africa,IFCAfrica,3
353,Nationals,140003488,IFC Africa,IFCAfrica,1
354,Niger,140003488,IFC Africa,IFCAfrica,1
355,Nigeria,140003488,IFC Africa,IFCAfrica,38
356,Nigerians,140003488,IFC Africa,IFCAfrica,1
357,Nigéria,140003488,IFC Africa,IFCAfrica,2
358,NobelPeacePrize,140003488,IFC Africa,IFCAfrica,1
359,NursesDay,140003488,IFC Africa,IFCAfrica,1
360,NutDay,140003488,IFC Africa,IFCAfrica,1
361,Nyeri,140003488,IFC Africa,IFCAfrica,1
362,OEWA410,140003488,IFC Africa,IFCAfrica,1
363,OGCAfrica17,140003488,IFC Africa,IFCAfrica,1
364,OPIC,140003488,IFC Africa,IFCAfrica,1
365,Obi,140003488,IFC Africa,IFCAfrica,1
366,OffGrid,140003488,IFC Africa,IFCAfrica,3
367,OnePlanetSummit,140003488,IFC Africa,IFCAfrica,6
368,Operations,140003488,IFC Africa,IFCAfrica,2
369,PDES,140003488,IFC Africa,IFCAfrica,6
370,PME,140003488,IFC Africa,IFCAfrica,2
371,PNDES,140003488,IFC Africa,IFCAfrica,20
372,PPE,140003488,IFC Africa,IFCAfrica,2
373,PPEs,140003488,IFC Africa,IFCAfrica,2
374,PPI,140003488,IFC Africa,IFCAfrica,1
375,PPP,140003488,IFC Africa,IFCAfrica,7
376,PPPs,140003488,IFC Africa,IFCAfrica,2
377,PR,140003488,IFC Africa,IFCAfrica,1
378,PV,140003488,IFC Africa,IFCAfrica,3
379,Pakistan,140003488,IFC Africa,IFCAfrica,1
380,PanamaCanal,140003488,IFC Africa,IFCAfrica,1
381,Paris,140003488,IFC Africa,IFCAfrica,1
382,PartechAfrica,140003488,IFC Africa,IFCAfrica,1
383,Population,140003488,IFC Africa,IFCAfrica,1
384,Portugal,140003488,IFC Africa,IFCAfrica,1
385,Power,140003488,IFC Africa,IFCAfrica,1
386,PowerAfrica,140003488,IFC Africa,IFCAfrica,2
387,PrivSec4Dev,140003488,IFC Africa,IFCAfrica,52
388,PrivSecDev,140003488,IFC Africa,IFCAfrica,2
389,PrivSecc4Dev,140003488,IFC Africa,IFCAfrica,13
390,PrivateSec4Dev,140003488,IFC Africa,IFCAfrica,1
391,Privatesector,140003488,IFC Africa,IFCAfrica,2
392,Promasidor,140003488,IFC Africa,IFCAfrica,1
393,Protecting,140003488,IFC Africa,IFCAfrica,1
394,PrrivSec4Dev,140003488,IFC Africa,IFCAfrica,1
395,Puntland,140003488,IFC Africa,IFCAfrica,1
396,RDC,140003488,IFC Africa,IFCAfrica,1
397,RFF2016,140003488,IFC Africa,IFCAfrica,1
398,RFF2018,140003488,IFC Africa,IFCAfrica,1
399,Refugee,140003488,IFC Africa,IFCAfrica,1
400,RefugeeForum,140003488,IFC Africa,IFCAfrica,3
401,RenewableEnergy,140003488,IFC Africa,IFCAfrica,2
402,ResilientRecovery,140003488,IFC Africa,IFCAfrica,1
403,Results,140003488,IFC Africa,IFCAfrica,3
404,RideHailing,140003488,IFC Africa,IFCAfrica,8
405,Rwanda,140003488,IFC Africa,IFCAfrica,13
406,SAEconomicUpdate,140003488,IFC Africa,IFCAfrica,4
407,SDGs,140003488,IFC Africa,IFCAfrica,10
408,SEC,140003488,IFC Africa,IFCAfrica,1
409,SECO,140003488,IFC Africa,IFCAfrica,1
410,SFI,140003488,IFC Africa,IFCAfrica,2
411,SIPAGala2018,140003488,IFC Africa,IFCAfrica,1
412,SME,140003488,IFC Africa,IFCAfrica,16
413,SMEFinance,140003488,IFC Africa,IFCAfrica,1
414,SMEPush,140003488,IFC Africa,IFCAfrica,8
415,SMES,140003488,IFC Africa,IFCAfrica,1
416,SMEVentures,140003488,IFC Africa,IFCAfrica,35
417,SMEs,140003488,IFC Africa,IFCAfrica,41
418,SOFITEX,140003488,IFC Africa,IFCAfrica,2
419,SOTIR2018,140003488,IFC Africa,IFCAfrica,1
420,SSA,140003488,IFC Africa,IFCAfrica,1
421,Sankofagas,140003488,IFC Africa,IFCAfrica,1
422,SaveTheDate,140003488,IFC Africa,IFCAfrica,1
423,ScalingSolar,140003488,IFC Africa,IFCAfrica,21
424,Scarcity,140003488,IFC Africa,IFCAfrica,1
425,Scatec,140003488,IFC Africa,IFCAfrica,1
426,Senegal,140003488,IFC Africa,IFCAfrica,18
427,Seychelles,140003488,IFC Africa,IFCAfrica,15
428,SharingEconomy,140003488,IFC Africa,IFCAfrica,2
429,SheWorks,140003488,IFC Africa,IFCAfrica,1
430,SierraLeone,140003488,IFC Africa,IFCAfrica,4
431,SoFI2016,140003488,IFC Africa,IFCAfrica,4
432,SoFI2017,140003488,IFC Africa,IFCAfrica,1
433,SocialDistancing,140003488,IFC Africa,IFCAfrica,1
434,Solar,140003488,IFC Africa,IFCAfrica,2
435,SolomonIslands,140003488,IFC Africa,IFCAfrica,1
436,Somali,140003488,IFC Africa,IFCAfrica,1
437,Somalia,140003488,IFC Africa,IFCAfrica,7
438,SouthAfrica,140003488,IFC Africa,IFCAfrica,20
439,SubSaharanAfrica,140003488,IFC Africa,IFCAfrica,1
440,Switzerland,140003488,IFC Africa,IFCAfrica,1
441,Sénégal,140003488,IFC Africa,IFCAfrica,3
442,TCADVI,140003488,IFC Africa,IFCAfrica,1
443,TEDTalk,140003488,IFC Africa,IFCAfrica,1
444,TFWA,140003488,IFC Africa,IFCAfrica,1
445,TICAD6,140003488,IFC Africa,IFCAfrica,56
446,TICAD7,140003488,IFC Africa,IFCAfrica,4
447,TICADVI,140003488,IFC Africa,IFCAfrica,11
448,TICADVi,140003488,IFC Africa,IFCAfrica,4
449,TacklingChildcare,140003488,IFC Africa,IFCAfrica,2
450,TaifaMoja,140003488,IFC Africa,IFCAfrica,3
451,Tanzania,140003488,IFC Africa,IFCAfrica,12
452,TechEmergeHealth,140003488,IFC Africa,IFCAfrica,6
453,Technology,140003488,IFC Africa,IFCAfrica,3
454,Telcar,140003488,IFC Africa,IFCAfrica,1
455,Telecom,140003488,IFC Africa,IFCAfrica,1
456,Telecoms,140003488,IFC Africa,IFCAfrica,1
457,Tiviski,140003488,IFC Africa,IFCAfrica,2
458,Togo,140003488,IFC Africa,IFCAfrica,5
459,Tokyo,140003488,IFC Africa,IFCAfrica,2
460,TradeFinance,140003488,IFC Africa,IFCAfrica,1
461,Transparency,140003488,IFC Africa,IFCAfrica,1
462,Trust,140003488,IFC Africa,IFCAfrica,1
463,Tunisia,140003488,IFC Africa,IFCAfrica,3
464,Tunisie,140003488,IFC Africa,IFCAfrica,2
465,UAE,140003488,IFC Africa,IFCAfrica,2
466,UEMOA,140003488,IFC Africa,IFCAfrica,2
467,UHCAfrica,140003488,IFC Africa,IFCAfrica,2
468,UKAfricaInvestmentSummit,140003488,IFC Africa,IFCAfrica,1
469,UN,140003488,IFC Africa,IFCAfrica,2
470,Uganda,140003488,IFC Africa,IFCAfrica,10
471,VSEs,140003488,IFC Africa,IFCAfrica,1
472,Video,140003488,IFC Africa,IFCAfrica,1
473,Vietnam,140003488,IFC Africa,IFCAfrica,2
474,WAEMU,140003488,IFC Africa,IFCAfrica,4
475,WBGMeetings,140003488,IFC Africa,IFCAfrica,3
476,WBGmeetings,140003488,IFC Africa,IFCAfrica,1
477,WBLinAfrica,140003488,IFC Africa,IFCAfrica,1
478,WFD2017,140003488,IFC Africa,IFCAfrica,1
479,WRSWeek,140003488,IFC Africa,IFCAfrica,1
480,WRSweek,140003488,IFC Africa,IFCAfrica,1
481,WUF9,140003488,IFC Africa,IFCAfrica,1
482,WarehouseReceipt,140003488,IFC Africa,IFCAfrica,23
483,WarehouseReceipts,140003488,IFC Africa,IFCAfrica,2
484,Washington,140003488,IFC Africa,IFCAfrica,1
485,WeFi,140003488,IFC Africa,IFCAfrica,5
486,WeFiSummit,140003488,IFC Africa,IFCAfrica,2
487,WestAfrica,140003488,IFC Africa,IFCAfrica,1
488,Woman,140003488,IFC Africa,IFCAfrica,2
489,Women,140003488,IFC Africa,IFCAfrica,8
490,WomenBizLaw,140003488,IFC Africa,IFCAfrica,4
491,WomenDistributors,140003488,IFC Africa,IFCAfrica,5
492,WomenEntrepreneurs,140003488,IFC Africa,IFCAfrica,2
493,Womenentrepreneurs,140003488,IFC Africa,IFCAfrica,1
494,WorldChildrensDay,140003488,IFC Africa,IFCAfrica,1
495,WorldFoodSafetyDay,140003488,IFC Africa,IFCAfrica,2
496,WorldHealthDay,140003488,IFC Africa,IFCAfrica,1
497,WorldRefugeeDay,140003488,IFC Africa,IFCAfrica,2
498,WorldYouthSkillsDay,140003488,IFC Africa,IFCAfrica,1
499,YAW,140003488,IFC Africa,IFCAfrica,3
500,Yokohama,140003488,IFC Africa,IFCAfrica,1
501,YoungAfricaWorks,140003488,IFC Africa,IFCAfrica,2
502,YouthDay,140003488,IFC Africa,IFCAfrica,1
503,YouthThinkTank,140003488,IFC Africa,IFCAfrica,2
504,Zambia,140003488,IFC Africa,IFCAfrica,30
505,Zambians,140003488,IFC Africa,IFCAfrica,1
506,Zambie,140003488,IFC Africa,IFCAfrica,1
507,Zimbabwe,140003488,IFC Africa,IFCAfrica,1
508,access,140003488,IFC Africa,IFCAfrica,2
509,accesstofinance,140003488,IFC Africa,IFCAfrica,23
510,advisory,140003488,IFC Africa,IFCAfrica,1
511,affordablehousing,140003488,IFC Africa,IFCAfrica,14
512,africa,140003488,IFC Africa,IFCAfrica,5
513,africaneconomy,140003488,IFC Africa,IFCAfrica,1
514,agentbanking,140003488,IFC Africa,IFCAfrica,1
515,agri,140003488,IFC Africa,IFCAfrica,3
516,agribusiness,140003488,IFC Africa,IFCAfrica,20
517,agribusinesses,140003488,IFC Africa,IFCAfrica,2
518,agricultural,140003488,IFC Africa,IFCAfrica,2
519,agriculture,140003488,IFC Africa,IFCAfrica,15
520,alternative,140003488,IFC Africa,IFCAfrica,1
521,analysts,140003488,IFC Africa,IFCAfrica,3
522,autonomisationdesfemmes,140003488,IFC Africa,IFCAfrica,1
523,awb,140003488,IFC Africa,IFCAfrica,1
524,bankability,140003488,IFC Africa,IFCAfrica,1
525,banking,140003488,IFC Africa,IFCAfrica,3
526,beboldforchange,140003488,IFC Africa,IFCAfrica,1
527,beneficialownership,140003488,IFC Africa,IFCAfrica,3
528,betterbiz,140003488,IFC Africa,IFCAfrica,1
529,billions2trillions,140003488,IFC Africa,IFCAfrica,8
530,biodiversity,140003488,IFC Africa,IFCAfrica,2
531,blockchain,140003488,IFC Africa,IFCAfrica,1
532,boldforchange,140003488,IFC Africa,IFCAfrica,1
533,broadband,140003488,IFC Africa,IFCAfrica,2
534,business,140003488,IFC Africa,IFCAfrica,48
535,businessdevelopment,140003488,IFC Africa,IFCAfrica,1
536,businesses,140003488,IFC Africa,IFCAfrica,4
537,canadaindaba,140003488,IFC Africa,IFCAfrica,1
538,capital,140003488,IFC Africa,IFCAfrica,1
539,capitalism,140003488,IFC Africa,IFCAfrica,1
540,capitalmarkets,140003488,IFC Africa,IFCAfrica,2
541,casa10,140003488,IFC Africa,IFCAfrica,1
542,challenges,140003488,IFC Africa,IFCAfrica,1
543,ci225,140003488,IFC Africa,IFCAfrica,1
544,cities,140003488,IFC Africa,IFCAfrica,4
545,clean,140003488,IFC Africa,IFCAfrica,1
546,climat,140003488,IFC Africa,IFCAfrica,1
547,climate,140003488,IFC Africa,IFCAfrica,18
548,climateaction,140003488,IFC Africa,IFCAfrica,1
549,climatechange,140003488,IFC Africa,IFCAfrica,4
550,climateimpacts,140003488,IFC Africa,IFCAfrica,1
551,climateinvestment,140003488,IFC Africa,IFCAfrica,1
552,climatesmart,140003488,IFC Africa,IFCAfrica,1
553,community,140003488,IFC Africa,IFCAfrica,2
554,companies,140003488,IFC Africa,IFCAfrica,2
555,competition,140003488,IFC Africa,IFCAfrica,4
556,competition4dev,140003488,IFC Africa,IFCAfrica,13
557,competitive,140003488,IFC Africa,IFCAfrica,1
558,conference,140003488,IFC Africa,IFCAfrica,1
559,conflict,140003488,IFC Africa,IFCAfrica,1
560,connectivity,140003488,IFC Africa,IFCAfrica,4
561,cop22,140003488,IFC Africa,IFCAfrica,3
562,coronavirus,140003488,IFC Africa,IFCAfrica,11
563,corpgov,140003488,IFC Africa,IFCAfrica,1
564,corporategovernance,140003488,IFC Africa,IFCAfrica,2
565,cotedivoire,140003488,IFC Africa,IFCAfrica,3
566,cotton,140003488,IFC Africa,IFCAfrica,1
567,counties,140003488,IFC Africa,IFCAfrica,1
568,create,140003488,IFC Africa,IFCAfrica,1
569,creatingmarkets,140003488,IFC Africa,IFCAfrica,5
570,creative,140003488,IFC Africa,IFCAfrica,2
571,credit,140003488,IFC Africa,IFCAfrica,5
572,creditscoring,140003488,IFC Africa,IFCAfrica,1
573,data,140003488,IFC Africa,IFCAfrica,9
574,datainsights,140003488,IFC Africa,IFCAfrica,5
575,demand,140003488,IFC Africa,IFCAfrica,1
576,design,140003488,IFC Africa,IFCAfrica,1
577,designer,140003488,IFC Africa,IFCAfrica,1
578,development,140003488,IFC Africa,IFCAfrica,14
579,dffafrica,140003488,IFC Africa,IFCAfrica,1
580,dfs,140003488,IFC Africa,IFCAfrica,1
581,didyouknow,140003488,IFC Africa,IFCAfrica,1
582,digital,140003488,IFC Africa,IFCAfrica,21
583,digitalaccess2018,140003488,IFC Africa,IFCAfrica,13
584,digitaleconomy,140003488,IFC Africa,IFCAfrica,1
585,digitalfinanc,140003488,IFC Africa,IFCAfrica,1
586,digitalfinance,140003488,IFC Africa,IFCAfrica,26
587,digitalfinancialservices,140003488,IFC Africa,IFCAfrica,2
588,digitalskills,140003488,IFC Africa,IFCAfrica,2
589,discover,140003488,IFC Africa,IFCAfrica,1
590,diverse,140003488,IFC Africa,IFCAfrica,2
591,diversity,140003488,IFC Africa,IFCAfrica,1
592,domestic,140003488,IFC Africa,IFCAfrica,1
593,donors,140003488,IFC Africa,IFCAfrica,1
594,drive,140003488,IFC Africa,IFCAfrica,1
595,dynamic,140003488,IFC Africa,IFCAfrica,1
596,développement,140003488,IFC Africa,IFCAfrica,2
597,economic,140003488,IFC Africa,IFCAfrica,7
598,economics,140003488,IFC Africa,IFCAfrica,18
599,economies,140003488,IFC Africa,IFCAfrica,1
600,education,140003488,IFC Africa,IFCAfrica,6
601,electricity,140003488,IFC Africa,IFCAfrica,6
602,electrification,140003488,IFC Africa,IFCAfrica,1
603,emKenya,140003488,IFC Africa,IFCAfrica,10
604,emergingmarkets,140003488,IFC Africa,IFCAfrica,1
605,emplois,140003488,IFC Africa,IFCAfrica,2
606,employment,140003488,IFC Africa,IFCAfrica,5
607,empowering,140003488,IFC Africa,IFCAfrica,1
608,empowerwomen,140003488,IFC Africa,IFCAfrica,1
609,endpoverty,140003488,IFC Africa,IFCAfrica,5
610,energy,140003488,IFC Africa,IFCAfrica,18
611,energyaccess,140003488,IFC Africa,IFCAfrica,1
612,energyneeds,140003488,IFC Africa,IFCAfrica,1
613,enterpreneurs,140003488,IFC Africa,IFCAfrica,1
614,entrepreneur,140003488,IFC Africa,IFCAfrica,5
615,entrepreneurial,140003488,IFC Africa,IFCAfrica,1
616,entrepreneurs,140003488,IFC Africa,IFCAfrica,25
617,entrepreneurship,140003488,IFC Africa,IFCAfrica,4
618,entreprises,140003488,IFC Africa,IFCAfrica,1
619,environment,140003488,IFC Africa,IFCAfrica,2
620,equality,140003488,IFC Africa,IFCAfrica,1
621,evaluation,140003488,IFC Africa,IFCAfrica,3
622,farmer,140003488,IFC Africa,IFCAfrica,1
623,farmers,140003488,IFC Africa,IFCAfrica,7
624,farming,140003488,IFC Africa,IFCAfrica,1
625,farms,140003488,IFC Africa,IFCAfrica,1
626,fashion,140003488,IFC Africa,IFCAfrica,2
627,finaccess,140003488,IFC Africa,IFCAfrica,3
628,finaccess2020,140003488,IFC Africa,IFCAfrica,7
629,finacess,140003488,IFC Africa,IFCAfrica,7
630,finance,140003488,IFC Africa,IFCAfrica,49
631,finances,140003488,IFC Africa,IFCAfrica,1
632,financial,140003488,IFC Africa,IFCAfrica,20
633,financialinclusion,140003488,IFC Africa,IFCAfrica,56
634,financialinstitutions,140003488,IFC Africa,IFCAfrica,2
635,financialsolutions,140003488,IFC Africa,IFCAfrica,1
636,financiers,140003488,IFC Africa,IFCAfrica,1
637,financing,140003488,IFC Africa,IFCAfrica,21
638,financingfordevelopment,140003488,IFC Africa,IFCAfrica,1
639,finclusion,140003488,IFC Africa,IFCAfrica,1
640,fintech,140003488,IFC Africa,IFCAfrica,7
641,food,140003488,IFC Africa,IFCAfrica,5
642,foodinsecurity,140003488,IFC Africa,IFCAfrica,1
643,foodrevolution,140003488,IFC Africa,IFCAfrica,1
644,fragile,140003488,IFC Africa,IFCAfrica,3
645,fragilestates,140003488,IFC Africa,IFCAfrica,3
646,fragility,140003488,IFC Africa,IFCAfrica,1
647,fraud,140003488,IFC Africa,IFCAfrica,2
648,frontiermarkets,140003488,IFC Africa,IFCAfrica,3
649,funding,140003488,IFC Africa,IFCAfrica,1
650,fundraising,140003488,IFC Africa,IFCAfrica,1
651,future,140003488,IFC Africa,IFCAfrica,1
652,gender,140003488,IFC Africa,IFCAfrica,26
653,genderdiversity,140003488,IFC Africa,IFCAfrica,2
654,genderequality,140003488,IFC Africa,IFCAfrica,2
655,gendergap,140003488,IFC Africa,IFCAfrica,1
656,gendersmartbiz,140003488,IFC Africa,IFCAfrica,4
657,generate,140003488,IFC Africa,IFCAfrica,1
658,ghanadfsi,140003488,IFC Africa,IFCAfrica,5
659,globaldev,140003488,IFC Africa,IFCAfrica,1
660,gouvernance,140003488,IFC Africa,IFCAfrica,1
661,governance,140003488,IFC Africa,IFCAfrica,1
662,graphic,140003488,IFC Africa,IFCAfrica,1
663,green,140003488,IFC Africa,IFCAfrica,1
664,greenbuilding,140003488,IFC Africa,IFCAfrica,1
665,growth,140003488,IFC Africa,IFCAfrica,2
666,health,140003488,IFC Africa,IFCAfrica,6
667,healthcare,140003488,IFC Africa,IFCAfrica,3
668,housing,140003488,IFC Africa,IFCAfrica,4
669,housingfinance,140003488,IFC Africa,IFCAfrica,1
670,how,140003488,IFC Africa,IFCAfrica,1
671,humandevelopment,140003488,IFC Africa,IFCAfrica,1
672,hydro,140003488,IFC Africa,IFCAfrica,1
673,hydropower,140003488,IFC Africa,IFCAfrica,1
674,ifcar17,140003488,IFC Africa,IFCAfrica,1
675,impact,140003488,IFC Africa,IFCAfrica,2
676,impactinvesting,140003488,IFC Africa,IFCAfrica,15
677,income,140003488,IFC Africa,IFCAfrica,1
678,increase,140003488,IFC Africa,IFCAfrica,1
679,indexinsurance,140003488,IFC Africa,IFCAfrica,1
680,industrialization,140003488,IFC Africa,IFCAfrica,1
681,industrie,140003488,IFC Africa,IFCAfrica,2
682,industrieminière,140003488,IFC Africa,IFCAfrica,1
683,industry,140003488,IFC Africa,IFCAfrica,1
684,infra,140003488,IFC Africa,IFCAfrica,6
685,infrastructure,140003488,IFC Africa,IFCAfrica,17
686,infrastructures,140003488,IFC Africa,IFCAfrica,2
687,innovation,140003488,IFC Africa,IFCAfrica,11
688,innovations,140003488,IFC Africa,IFCAfrica,3
689,innovative,140003488,IFC Africa,IFCAfrica,6
690,innovativefinance,140003488,IFC Africa,IFCAfrica,3
691,insolvency,140003488,IFC Africa,IFCAfrica,1
692,insurance,140003488,IFC Africa,IFCAfrica,1
693,integratedthinking,140003488,IFC Africa,IFCAfrica,1
694,internationalrelations,140003488,IFC Africa,IFCAfrica,16
695,interoperability,140003488,IFC Africa,IFCAfrica,1
696,invest,140003488,IFC Africa,IFCAfrica,2
697,investissements,140003488,IFC Africa,IFCAfrica,1
698,investment,140003488,IFC Africa,IFCAfrica,20
699,investmentclimate,140003488,IFC Africa,IFCAfrica,1
700,investments,140003488,IFC Africa,IFCAfrica,8
701,investors,140003488,IFC Africa,IFCAfrica,10
702,ivoirien,140003488,IFC Africa,IFCAfrica,1
703,job,140003488,IFC Africa,IFCAfrica,6
704,jobs,140003488,IFC Africa,IFCAfrica,11
705,jobs4growth,140003488,IFC Africa,IFCAfrica,1
706,joburg,140003488,IFC Africa,IFCAfrica,1
707,journalism,140003488,IFC Africa,IFCAfrica,1
708,kebetu,140003488,IFC Africa,IFCAfrica,1
709,kpakpatoya,140003488,IFC Africa,IFCAfrica,1
710,le,140003488,IFC Africa,IFCAfrica,1
711,leadership,140003488,IFC Africa,IFCAfrica,1
712,leads,140003488,IFC Africa,IFCAfrica,1
713,livelihood,140003488,IFC Africa,IFCAfrica,1
714,loan,140003488,IFC Africa,IFCAfrica,2
715,loans,140003488,IFC Africa,IFCAfrica,1
716,low,140003488,IFC Africa,IFCAfrica,1
717,macadamia,140003488,IFC Africa,IFCAfrica,5
718,manufacturing,140003488,IFC Africa,IFCAfrica,2
719,market,140003488,IFC Africa,IFCAfrica,3
720,markets,140003488,IFC Africa,IFCAfrica,15
721,media,140003488,IFC Africa,IFCAfrica,1
722,medicines,140003488,IFC Africa,IFCAfrica,1
723,mena,140003488,IFC Africa,IFCAfrica,1
724,merchant,140003488,IFC Africa,IFCAfrica,1
725,microfinance,140003488,IFC Africa,IFCAfrica,10
726,migration,140003488,IFC Africa,IFCAfrica,1
727,mining,140003488,IFC Africa,IFCAfrica,2
728,miningindaba,140003488,IFC Africa,IFCAfrica,1
729,mobile,140003488,IFC Africa,IFCAfrica,4
730,mobilemoney,140003488,IFC Africa,IFCAfrica,39
731,mobilize,140003488,IFC Africa,IFCAfrica,2
732,mobilmoney,140003488,IFC Africa,IFCAfrica,2
733,monitoring,140003488,IFC Africa,IFCAfrica,3
734,nairobi,140003488,IFC Africa,IFCAfrica,1
735,naturalgas,140003488,IFC Africa,IFCAfrica,5
736,naturalresources,140003488,IFC Africa,IFCAfrica,1
737,next100startups,140003488,IFC Africa,IFCAfrica,1
738,offGrid,140003488,IFC Africa,IFCAfrica,2
739,offgrid,140003488,IFC Africa,IFCAfrica,4
740,offgridsolar,140003488,IFC Africa,IFCAfrica,4
741,oil,140003488,IFC Africa,IFCAfrica,1
742,opendata,140003488,IFC Africa,IFCAfrica,1
743,opportunities,140003488,IFC Africa,IFCAfrica,7
744,opportunity,140003488,IFC Africa,IFCAfrica,2
745,partenariats,140003488,IFC Africa,IFCAfrica,1
746,partnerships,140003488,IFC Africa,IFCAfrica,1
747,pension,140003488,IFC Africa,IFCAfrica,1
748,people,140003488,IFC Africa,IFCAfrica,1
749,podcast,140003488,IFC Africa,IFCAfrica,1
750,policymakers,140003488,IFC Africa,IFCAfrica,1
751,port,140003488,IFC Africa,IFCAfrica,1
752,poverty,140003488,IFC Africa,IFCAfrica,1
753,power,140003488,IFC Africa,IFCAfrica,8
754,powergeneration,140003488,IFC Africa,IFCAfrica,2
755,practice,140003488,IFC Africa,IFCAfrica,1
756,private,140003488,IFC Africa,IFCAfrica,2
757,privateequity,140003488,IFC Africa,IFCAfrica,3
758,privateinvestment,140003488,IFC Africa,IFCAfrica,4
759,privatesector,140003488,IFC Africa,IFCAfrica,7
760,product,140003488,IFC Africa,IFCAfrica,1
761,publicrelations,140003488,IFC Africa,IFCAfrica,1
762,publishing,140003488,IFC Africa,IFCAfrica,1
763,reform,140003488,IFC Africa,IFCAfrica,1
764,reforms,140003488,IFC Africa,IFCAfrica,5
765,refugee,140003488,IFC Africa,IFCAfrica,2
766,refugees,140003488,IFC Africa,IFCAfrica,5
767,region,140003488,IFC Africa,IFCAfrica,1
768,regulation,140003488,IFC Africa,IFCAfrica,1
769,relationsinternationales,140003488,IFC Africa,IFCAfrica,11
770,renewable,140003488,IFC Africa,IFCAfrica,1
771,renewableenergy,140003488,IFC Africa,IFCAfrica,7
772,renewables,140003488,IFC Africa,IFCAfrica,1
773,resilience,140003488,IFC Africa,IFCAfrica,1
774,responsiblefinanceforum,140003488,IFC Africa,IFCAfrica,1
775,ridehailing,140003488,IFC Africa,IFCAfrica,1
776,riskcapital,140003488,IFC Africa,IFCAfrica,3
777,rwanda,140003488,IFC Africa,IFCAfrica,1
778,savings,140003488,IFC Africa,IFCAfrica,1
779,scalingsolar,140003488,IFC Africa,IFCAfrica,1
780,sector,140003488,IFC Africa,IFCAfrica,1
781,services,140003488,IFC Africa,IFCAfrica,1
782,sib1er,140003488,IFC Africa,IFCAfrica,1
783,smallholder,140003488,IFC Africa,IFCAfrica,6
784,sme,140003488,IFC Africa,IFCAfrica,1
785,sofi16,140003488,IFC Africa,IFCAfrica,2
786,sofi2016,140003488,IFC Africa,IFCAfrica,2
787,solar,140003488,IFC Africa,IFCAfrica,17
788,solution,140003488,IFC Africa,IFCAfrica,1
789,solutions,140003488,IFC Africa,IFCAfrica,1
790,somaliappd,140003488,IFC Africa,IFCAfrica,1
791,stakeholder,140003488,IFC Africa,IFCAfrica,1
792,stakeholders,140003488,IFC Africa,IFCAfrica,1
793,startup,140003488,IFC Africa,IFCAfrica,3
794,startups,140003488,IFC Africa,IFCAfrica,6
795,stayathome,140003488,IFC Africa,IFCAfrica,4
796,strategy,140003488,IFC Africa,IFCAfrica,1
797,supplychain,140003488,IFC Africa,IFCAfrica,1
798,supplychains,140003488,IFC Africa,IFCAfrica,1
799,sustainability,140003488,IFC Africa,IFCAfrica,1
800,sustainable,140003488,IFC Africa,IFCAfrica,3
801,talent,140003488,IFC Africa,IFCAfrica,1
802,tech,140003488,IFC Africa,IFCAfrica,9
803,technologies,140003488,IFC Africa,IFCAfrica,1
804,technology,140003488,IFC Africa,IFCAfrica,5
805,telemedicine,140003488,IFC Africa,IFCAfrica,1
806,ticad6,140003488,IFC Africa,IFCAfrica,3
807,tourism,140003488,IFC Africa,IFCAfrica,3
808,trade,140003488,IFC Africa,IFCAfrica,4
809,training,140003488,IFC Africa,IFCAfrica,1
810,tranparency,140003488,IFC Africa,IFCAfrica,1
811,transparency,140003488,IFC Africa,IFCAfrica,2
812,transport,140003488,IFC Africa,IFCAfrica,1
813,trashselfies,140003488,IFC Africa,IFCAfrica,1
814,trends,140003488,IFC Africa,IFCAfrica,1
815,uganda,140003488,IFC Africa,IFCAfrica,6
816,venturecapital,140003488,IFC Africa,IFCAfrica,1
817,water,140003488,IFC Africa,IFCAfrica,6
818,wbgfellows,140003488,IFC Africa,IFCAfrica,9
819,webinar,140003488,IFC Africa,IFCAfrica,2
820,wind,140003488,IFC Africa,IFCAfrica,1
821,windpower,140003488,IFC Africa,IFCAfrica,1
822,woman,140003488,IFC Africa,IFCAfrica,1
823,women,140003488,IFC Africa,IFCAfrica,29
824,womenentrepreneurs,140003488,IFC Africa,IFCAfrica,5
825,womeninbiz,140003488,IFC Africa,IFCAfrica,1
826,womeninenergy,140003488,IFC Africa,IFCAfrica,1
827,womenonboards,140003488,IFC Africa,IFCAfrica,1
828,world,140003488,IFC Africa,IFCAfrica,1
829,young,140003488,IFC Africa,IFCAfrica,1
830,youthemployment,140003488,IFC Africa,IFCAfrica,1
831,zambia,140003488,IFC Africa,IFCAfrica,1
832,économie,140003488,IFC Africa,IFCAfrica,16
833,électrique,140003488,IFC Africa,IFCAfrica,1
834,énergiesrenouvelables,140003488,IFC Africa,IFCAfrica,3
835,1AlumniNetwork,392550101,Henley Africa,HenleyAfrica,1
836,1mba,392550101,Henley Africa,HenleyAfrica,1
837,21Days,392550101,Henley Africa,HenleyAfrica,12
838,21Days21Lessons,392550101,Henley Africa,HenleyAfrica,1
839,21DaysLockdownSA,392550101,Henley Africa,HenleyAfrica,3
840,21Lessons,392550101,Henley Africa,HenleyAfrica,117
841,21Minutes,392550101,Henley Africa,HenleyAfrica,2
842,21daylockdownSA,392550101,Henley Africa,HenleyAfrica,2
843,21days,392550101,Henley Africa,HenleyAfrica,19
844,21days21lessons,392550101,Henley Africa,HenleyAfrica,1
845,21daysLockdown,392550101,Henley Africa,HenleyAfrica,1
846,21daysLockdownSA,392550101,Henley Africa,HenleyAfrica,8
847,21daysLockdownSouthAfrica,392550101,Henley Africa,HenleyAfrica,1
848,21lesson,392550101,Henley Africa,HenleyAfrica,1
849,21lessons,392550101,Henley Africa,HenleyAfrica,54
850,3rdWednesday,392550101,Henley Africa,HenleyAfrica,1
851,3rdWednesdays,392550101,Henley Africa,HenleyAfrica,1
852,3rdwednesdays,392550101,Henley Africa,HenleyAfrica,1
853,4IR,392550101,Henley Africa,HenleyAfrica,6
854,AABSConnect2019,392550101,Henley Africa,HenleyAfrica,1
855,ACMP,392550101,Henley Africa,HenleyAfrica,2
856,AI,392550101,Henley Africa,HenleyAfrica,3
857,Achievement,392550101,Henley Africa,HenleyAfrica,16
858,ActionLearning,392550101,Henley Africa,HenleyAfrica,1
859,ActionableInsight,392550101,Henley Africa,HenleyAfrica,1
860,Activism,392550101,Henley Africa,HenleyAfrica,1
861,Activists,392550101,Henley Africa,HenleyAfrica,1
862,AdaptNation,392550101,Henley Africa,HenleyAfrica,1
863,Africa,392550101,Henley Africa,HenleyAfrica,12
864,AfricaDay,392550101,Henley Africa,HenleyAfrica,2
865,AfricaMonth,392550101,Henley Africa,HenleyAfrica,1
866,AfricaNow,392550101,Henley Africa,HenleyAfrica,1
867,AfricaRising,392550101,Henley Africa,HenleyAfrica,1
868,AfricaThriving,392550101,Henley Africa,HenleyAfrica,1
869,African,392550101,Henley Africa,HenleyAfrica,21
870,Agile,392550101,Henley Africa,HenleyAfrica,3
871,Agility,392550101,Henley Africa,HenleyAfrica,1
872,Agri,392550101,Henley Africa,HenleyAfrica,1
873,AgriBusiness,392550101,Henley Africa,HenleyAfrica,3
874,Agribusiness,392550101,Henley Africa,HenleyAfrica,3
875,Alumni,392550101,Henley Africa,HenleyAfrica,1
876,AlwaysOn,392550101,Henley Africa,HenleyAfrica,1
877,Arsenal,392550101,Henley Africa,HenleyAfrica,1
878,Art,392550101,Henley Africa,HenleyAfrica,3
879,ArtificialIntelligence,392550101,Henley Africa,HenleyAfrica,7
880,Assess,392550101,Henley Africa,HenleyAfrica,3
881,BDFocus4,392550101,Henley Africa,HenleyAfrica,2
882,BSchools,392550101,Henley Africa,HenleyAfrica,5
883,Bankingstrike,392550101,Henley Africa,HenleyAfrica,1
884,BeingBoss,392550101,Henley Africa,HenleyAfrica,52
885,BeyondCovidScenarios,392550101,Henley Africa,HenleyAfrica,2
886,BizDaily,392550101,Henley Africa,HenleyAfrica,1
887,Bokfever,392550101,Henley Africa,HenleyAfrica,1
888,BookShelf,392550101,Henley Africa,HenleyAfrica,1
889,Books,392550101,Henley Africa,HenleyAfrica,7
890,Brainstorms,392550101,Henley Africa,HenleyAfrica,4
891,Brand,392550101,Henley Africa,HenleyAfrica,1
892,Brexit,392550101,Henley Africa,HenleyAfrica,4
893,BritChamEvent,392550101,Henley Africa,HenleyAfrica,1
894,BudgetSpeech2020,392550101,Henley Africa,HenleyAfrica,1
895,Build2020,392550101,Henley Africa,HenleyAfrica,1
896,BuildingAfrica,392550101,Henley Africa,HenleyAfrica,1
897,Business,392550101,Henley Africa,HenleyAfrica,28
898,BusinessAgainstCorruption,392550101,Henley Africa,HenleyAfrica,3
899,BusinessFact,392550101,Henley Africa,HenleyAfrica,1
900,BusinessResearchMethodology,392550101,Henley Africa,HenleyAfrica,2
901,BusinessSchool,392550101,Henley Africa,HenleyAfrica,3
902,BusinessSchools,392550101,Henley Africa,HenleyAfrica,2
903,BusinessTomorrow,392550101,Henley Africa,HenleyAfrica,1
904,CNBCAfrica,392550101,Henley Africa,HenleyAfrica,1
905,COLUMBAxHENLEY,392550101,Henley Africa,HenleyAfrica,5
906,COVID19,392550101,Henley Africa,HenleyAfrica,10
907,COVID19SouthAfrica,392550101,Henley Africa,HenleyAfrica,2
908,COVIDー19,392550101,Henley Africa,HenleyAfrica,3
909,CapturedBoards,392550101,Henley Africa,HenleyAfrica,1
910,Career,392550101,Henley Africa,HenleyAfrica,32
911,Careers,392550101,Henley Africa,HenleyAfrica,4
912,ChampioningHumanity,392550101,Henley Africa,HenleyAfrica,1
913,Change,392550101,Henley Africa,HenleyAfrica,4
914,ChangeMaker,392550101,Henley Africa,HenleyAfrica,7
915,ChangeMakers,392550101,Henley Africa,HenleyAfrica,1
916,Chatbots,392550101,Henley Africa,HenleyAfrica,6
917,ClimateChange,392550101,Henley Africa,HenleyAfrica,2
918,ClimateCrisis,392550101,Henley Africa,HenleyAfrica,4
919,CoCreation,392550101,Henley Africa,HenleyAfrica,1
920,Collaboration,392550101,Henley Africa,HenleyAfrica,5
921,ColumbaLeadership,392550101,Henley Africa,HenleyAfrica,2
922,ColumbaLeads,392550101,Henley Africa,HenleyAfrica,4
923,Commitment,392550101,Henley Africa,HenleyAfrica,1
924,Commonwealth,392550101,Henley Africa,HenleyAfrica,1
925,Communication,392550101,Henley Africa,HenleyAfrica,12
926,Community,392550101,Henley Africa,HenleyAfrica,4
927,CoronaLockdown,392550101,Henley Africa,HenleyAfrica,1
928,CoronaVirus,392550101,Henley Africa,HenleyAfrica,1
929,CorporateActivism,392550101,Henley Africa,HenleyAfrica,11
930,CorporteActivism,392550101,Henley Africa,HenleyAfrica,1
931,Corruption,392550101,Henley Africa,HenleyAfrica,7
932,Covid19,392550101,Henley Africa,HenleyAfrica,4
933,Covid19inSA,392550101,Henley Africa,HenleyAfrica,3
934,Covid_19,392550101,Henley Africa,HenleyAfrica,4
935,CreativeEntrepreneur,392550101,Henley Africa,HenleyAfrica,1
936,Creativity,392550101,Henley Africa,HenleyAfrica,56
937,DBSA,392550101,Henley Africa,HenleyAfrica,1
938,DEFENDTHETRUTH,392550101,Henley Africa,HenleyAfrica,1
939,DMGathering2020,392550101,Henley Africa,HenleyAfrica,5
940,DSTV409,392550101,Henley Africa,HenleyAfrica,1
941,DStv410,392550101,Henley Africa,HenleyAfrica,1
942,Day5,392550101,Henley Africa,HenleyAfrica,1
943,Day58OfLockDownoflockdown,392550101,Henley Africa,HenleyAfrica,1
944,Day9ofLockdown,392550101,Henley Africa,HenleyAfrica,1
945,Design,392550101,Henley Africa,HenleyAfrica,2
946,DesignThinking,392550101,Henley Africa,HenleyAfrica,1
947,Development,392550101,Henley Africa,HenleyAfrica,9
948,DigitalCowboys,392550101,Henley Africa,HenleyAfrica,1
949,DigitalDetox,392550101,Henley Africa,HenleyAfrica,1
950,DigitalEducation,392550101,Henley Africa,HenleyAfrica,1
951,DigitalKeepsUsOldSchool,392550101,Henley Africa,HenleyAfrica,1
952,DigitalTransformation,392550101,Henley Africa,HenleyAfrica,1
953,Digitisation,392550101,Henley Africa,HenleyAfrica,1
954,Disruption,392550101,Henley Africa,HenleyAfrica,7
955,DistractedParenting,392550101,Henley Africa,HenleyAfrica,1
956,Diversity,392550101,Henley Africa,HenleyAfrica,6
957,DoWhatsNeeded,392550101,Henley Africa,HenleyAfrica,1
958,Drucker,392550101,Henley Africa,HenleyAfrica,1
959,EFMDmea,392550101,Henley Africa,HenleyAfrica,3
960,EISummit19,392550101,Henley Africa,HenleyAfrica,12
961,ENGvRSA,392550101,Henley Africa,HenleyAfrica,1
962,EarthDay,392550101,Henley Africa,HenleyAfrica,1
963,Edcon,392550101,Henley Africa,HenleyAfrica,1
964,EduTech,392550101,Henley Africa,HenleyAfrica,5
965,Education,392550101,Henley Africa,HenleyAfrica,35
966,EducationInnovationSummit,392550101,Henley Africa,HenleyAfrica,1
967,Effectiveness,392550101,Henley Africa,HenleyAfrica,4
968,EidMubarak,392550101,Henley Africa,HenleyAfrica,1
969,Emojis,392550101,Henley Africa,HenleyAfrica,1
970,EmotionalIntelligence,392550101,Henley Africa,HenleyAfrica,1
971,Entrepreneur,392550101,Henley Africa,HenleyAfrica,2
972,Entrepreneurship,392550101,Henley Africa,HenleyAfrica,16
973,Entreprenuership,392550101,Henley Africa,HenleyAfrica,1
974,Ethics,392550101,Henley Africa,HenleyAfrica,3
975,Exams2020,392550101,Henley Africa,HenleyAfrica,1
976,ExclusiveBooks,392550101,Henley Africa,HenleyAfrica,1
977,ExecutiveEducation,392550101,Henley Africa,HenleyAfrica,1
978,ExpandTheMind,392550101,Henley Africa,HenleyAfrica,1
979,ExpandYourMind,392550101,Henley Africa,HenleyAfrica,3
980,FREE,392550101,Henley Africa,HenleyAfrica,1
981,FailForward,392550101,Henley Africa,HenleyAfrica,6
982,Fakenews,392550101,Henley Africa,HenleyAfrica,3
983,FamilyFriendly,392550101,Henley Africa,HenleyAfrica,13
984,FleetManagement,392550101,Henley Africa,HenleyAfrica,1
985,ForToughTimes,392550101,Henley Africa,HenleyAfrica,1
986,FourDayWeek,392550101,Henley Africa,HenleyAfrica,1
987,Free,392550101,Henley Africa,HenleyAfrica,1
988,FreedomDay,392550101,Henley Africa,HenleyAfrica,1
989,Freedomday2020,392550101,Henley Africa,HenleyAfrica,1
990,FriendshipFormula,392550101,Henley Africa,HenleyAfrica,1
991,FutureFit,392550101,Henley Africa,HenleyAfrica,6
992,FutureofWork,392550101,Henley Africa,HenleyAfrica,1
993,GRIT,392550101,Henley Africa,HenleyAfrica,2
994,GROW,392550101,Henley Africa,HenleyAfrica,1
995,GardenRoute,392550101,Henley Africa,HenleyAfrica,1
996,GarethCliff,392550101,Henley Africa,HenleyAfrica,1
997,Global,392550101,Henley Africa,HenleyAfrica,6
998,Globalisation,392550101,Henley Africa,HenleyAfrica,3
999,GoBokke,392550101,Henley Africa,HenleyAfrica,1
1000,Goals,392550101,Henley Africa,HenleyAfrica,87
1001,Government,392550101,Henley Africa,HenleyAfrica,3
1002,Graduation,392550101,Henley Africa,HenleyAfrica,4
1003,GreatMinds,392550101,Henley Africa,HenleyAfrica,2
1004,GreaterThanACheckBox,392550101,Henley Africa,HenleyAfrica,1
1005,GroundZeroAfrica,392550101,Henley Africa,HenleyAfrica,1
1006,Growth,392550101,Henley Africa,HenleyAfrica,21
1007,GuptaLeaks,392550101,Henley Africa,HenleyAfrica,1
1008,HCMP,392550101,Henley Africa,HenleyAfrica,1
1009,HR,392550101,Henley Africa,HenleyAfrica,8
1010,HRD2020KR,392550101,Henley Africa,HenleyAfrica,1
1011,HRIndaba19,392550101,Henley Africa,HenleyAfrica,6
1012,Happiness,392550101,Henley Africa,HenleyAfrica,7
1013,HappyNewYear,392550101,Henley Africa,HenleyAfrica,1
1014,Henley,392550101,Henley Africa,HenleyAfrica,2
1015,HenleyAfica,392550101,Henley Africa,HenleyAfrica,6
1016,HenleyAfrica,392550101,Henley Africa,HenleyAfrica,379
1017,HenleyAfrica2019,392550101,Henley Africa,HenleyAfrica,12
1018,HenleyAfricaa,392550101,Henley Africa,HenleyAfrica,1
1019,HenleyAir,392550101,Henley Africa,HenleyAfrica,5
1020,HenleyAlumni,392550101,Henley Africa,HenleyAfrica,8
1021,HenleyAlumniRegatta,392550101,Henley Africa,HenleyAfrica,1
1022,HenleyBear,392550101,Henley Africa,HenleyAfrica,1
1023,HenleyBusinessSchool,392550101,Henley Africa,HenleyAfrica,52
1024,HenleyEarth,392550101,Henley Africa,HenleyAfrica,4
1025,HenleyGives,392550101,Henley Africa,HenleyAfrica,5
1026,HenleyGrad,392550101,Henley Africa,HenleyAfrica,1
1027,HenleyImpact,392550101,Henley Africa,HenleyAfrica,1
1028,HenleyLive,392550101,Henley Africa,HenleyAfrica,1
1029,HenleyMBA,392550101,Henley Africa,HenleyAfrica,1
1030,HenleySA,392550101,Henley Africa,HenleyAfrica,1
1031,Henleyafrica,392550101,Henley Africa,HenleyAfrica,1
1032,Henleyalumni,392550101,Henley Africa,HenleyAfrica,1
1033,HenlyAfrica,392550101,Henley Africa,HenleyAfrica,8
1034,IAmHenley,392550101,Henley Africa,HenleyAfrica,1
1035,IKIGAI,392550101,Henley Africa,HenleyAfrica,1
1036,IPMACE2019,392550101,Henley Africa,HenleyAfrica,4
1037,IPMFearlessLeadership,392550101,Henley Africa,HenleyAfrica,2
1038,IfItWerentForTheExtension,392550101,Henley Africa,HenleyAfrica,1
1039,Ikigai,392550101,Henley Africa,HenleyAfrica,1
1040,Inclusivity,392550101,Henley Africa,HenleyAfrica,1
1041,InfoSession,392550101,Henley Africa,HenleyAfrica,5
1042,InfoSessions,392550101,Henley Africa,HenleyAfrica,1
1043,InformedDemocracy,392550101,Henley Africa,HenleyAfrica,4
1044,Innovation,392550101,Henley Africa,HenleyAfrica,30
1045,Insights,392550101,Henley Africa,HenleyAfrica,16
1046,IntelligentPartnerships,392550101,Henley Africa,HenleyAfrica,1
1047,International,392550101,Henley Africa,HenleyAfrica,40
1048,Internet,392550101,Henley Africa,HenleyAfrica,3
1049,InvestInYourself,392550101,Henley Africa,HenleyAfrica,1
1050,Japan,392550101,Henley Africa,HenleyAfrica,1
1051,JohnnyClegg,392550101,Henley Africa,HenleyAfrica,1
1052,JoinForcesForGood,392550101,Henley Africa,HenleyAfrica,1
1053,JoinTheEducationMovement,392550101,Henley Africa,HenleyAfrica,4
1054,KFCWEDDING,392550101,Henley Africa,HenleyAfrica,1
1055,KFCcouple,392550101,Henley Africa,HenleyAfrica,1
1056,Kenya,392550101,Henley Africa,HenleyAfrica,1
1057,LapinInternational,392550101,Henley Africa,HenleyAfrica,1
1058,Launch,392550101,Henley Africa,HenleyAfrica,1
1059,LeadThroughTheCovidSuckerpunch,392550101,Henley Africa,HenleyAfrica,1
1060,Leaderex201,392550101,Henley Africa,HenleyAfrica,1
1061,Leaderex2019,392550101,Henley Africa,HenleyAfrica,40
1062,Leaders,392550101,Henley Africa,HenleyAfrica,1
1063,LeadersLearn,392550101,Henley Africa,HenleyAfrica,3
1064,Leadership,392550101,Henley Africa,HenleyAfrica,162
1065,LeadershipMatters,392550101,Henley Africa,HenleyAfrica,39
1066,Leadershipmatters,392550101,Henley Africa,HenleyAfrica,1
1067,LeanIN,392550101,Henley Africa,HenleyAfrica,1
1068,LeanStartups,392550101,Henley Africa,HenleyAfrica,1
1069,Learning,392550101,Henley Africa,HenleyAfrica,8
1070,LearningFromHome,392550101,Henley Africa,HenleyAfrica,1
1071,Legacy,392550101,Henley Africa,HenleyAfrica,1
1072,Leroneprior,392550101,Henley Africa,HenleyAfrica,1
1073,Lesson2,392550101,Henley Africa,HenleyAfrica,1
1074,Lesson3,392550101,Henley Africa,HenleyAfrica,1
1075,Life,392550101,Henley Africa,HenleyAfrica,5
1076,LifeLongLearning,392550101,Henley Africa,HenleyAfrica,1
1077,Listening,392550101,Henley Africa,HenleyAfrica,1
1078,Lockdown,392550101,Henley Africa,HenleyAfrica,1
1079,LockdownLevel3,392550101,Henley Africa,HenleyAfrica,1
1080,LockdownSA,392550101,Henley Africa,HenleyAfrica,13
1081,MBA,392550101,Henley Africa,HenleyAfrica,55
1082,Maboneng,392550101,Henley Africa,HenleyAfrica,2
1083,MadalaKunene,392550101,Henley Africa,HenleyAfrica,1
1084,Management,392550101,Henley Africa,HenleyAfrica,13
1085,MeetTheMind,392550101,Henley Africa,HenleyAfrica,5
1086,MentalHealth,392550101,Henley Africa,HenleyAfrica,1
1087,MerryChristmas,392550101,Henley Africa,HenleyAfrica,1
1088,Mindfulness,392550101,Henley Africa,HenleyAfrica,2
1089,Mobile,392550101,Henley Africa,HenleyAfrica,1
1090,MobileMoney,392550101,Henley Africa,HenleyAfrica,1
1091,ModernWorld,392550101,Henley Africa,HenleyAfrica,1
1092,MondayMotivation,392550101,Henley Africa,HenleyAfrica,2
1093,Mpumalanga,392550101,Henley Africa,HenleyAfrica,6
1094,NedbankMoneySecrets,392550101,Henley Africa,HenleyAfrica,1
1095,NelsonMandela,392550101,Henley Africa,HenleyAfrica,1
1096,Nelspruit,392550101,Henley Africa,HenleyAfrica,3
1097,Networking,392550101,Henley Africa,HenleyAfrica,6
1098,No1AlumniNetwork,392550101,Henley Africa,HenleyAfrica,1
1099,OBE,392550101,Henley Africa,HenleyAfrica,1
1100,Omnium15,392550101,Henley Africa,HenleyAfrica,1
1101,Openday,392550101,Henley Africa,HenleyAfrica,1
1102,Opinion,392550101,Henley Africa,HenleyAfrica,4
1103,Opinionista,392550101,Henley Africa,HenleyAfrica,12
1104,Opportunity,392550101,Henley Africa,HenleyAfrica,9
1105,OutsidersZA,392550101,Henley Africa,HenleyAfrica,3
1106,PGDIP,392550101,Henley Africa,HenleyAfrica,3
1107,PGDip,392550101,Henley Africa,HenleyAfrica,4
1108,PIVOT,392550101,Henley Africa,HenleyAfrica,1
1109,PMR,392550101,Henley Africa,HenleyAfrica,1
1110,PMRafrica,392550101,Henley Africa,HenleyAfrica,1
1111,POWERTalk,392550101,Henley Africa,HenleyAfrica,2
1112,Past3amSquad,392550101,Henley Africa,HenleyAfrica,3
1113,PensionFundAdministratorsConsultants,392550101,Henley Africa,HenleyAfrica,1
1114,People,392550101,Henley Africa,HenleyAfrica,21
1115,Perception,392550101,Henley Africa,HenleyAfrica,3
1116,PeritumHRSummit2019,392550101,Henley Africa,HenleyAfrica,2
1117,Philosophy,392550101,Henley Africa,HenleyAfrica,3
1118,Play,392550101,Henley Africa,HenleyAfrica,8
1119,Politics,392550101,Henley Africa,HenleyAfrica,3
1120,Poll,392550101,Henley Africa,HenleyAfrica,1
1121,PostgraduateDiploma,392550101,Henley Africa,HenleyAfrica,1
1122,PrideMonth,392550101,Henley Africa,HenleyAfrica,3
1123,ProactiveCopers,392550101,Henley Africa,HenleyAfrica,1
1124,ProblemSolving,392550101,Henley Africa,HenleyAfrica,1
1125,Productivity,392550101,Henley Africa,HenleyAfrica,37
1126,Progress,392550101,Henley Africa,HenleyAfrica,17
1127,Prosperity,392550101,Henley Africa,HenleyAfrica,1
1128,ProudlyHenleyian,392550101,Henley Africa,HenleyAfrica,1
1129,PyramidBaseKey,392550101,Henley Africa,HenleyAfrica,1
1130,QOTD,392550101,Henley Africa,HenleyAfrica,172
1131,Quote,392550101,Henley Africa,HenleyAfrica,96
1132,Quotes,392550101,Henley Africa,HenleyAfrica,32
1133,REBUNTU,392550101,Henley Africa,HenleyAfrica,1
1134,RWC2019,392550101,Henley Africa,HenleyAfrica,1
1135,RWC2019Champions,392550101,Henley Africa,HenleyAfrica,1
1136,RWCFinal,392550101,Henley Africa,HenleyAfrica,1
1137,RWCFinal2019,392550101,Henley Africa,HenleyAfrica,1
1138,Reading,392550101,Henley Africa,HenleyAfrica,7
1139,RebelHeart,392550101,Henley Africa,HenleyAfrica,1
1140,RebuildSouthAfrica,392550101,Henley Africa,HenleyAfrica,6
1141,Rebuntu,392550101,Henley Africa,HenleyAfrica,10
1142,Regatta,392550101,Henley Africa,HenleyAfrica,1
1143,Research,392550101,Henley Africa,HenleyAfrica,1
1144,Rising,392550101,Henley Africa,HenleyAfrica,1
1145,RisingStarFemaleForum,392550101,Henley Africa,HenleyAfrica,2
1146,RisingStarSA,392550101,Henley Africa,HenleyAfrica,5
1147,RiskManagement,392550101,Henley Africa,HenleyAfrica,3
1148,Robotics,392550101,Henley Africa,HenleyAfrica,1
1149,RugbyWorldCup,392550101,Henley Africa,HenleyAfrica,1
1150,SAfmLifeHappens,392550101,Henley Africa,HenleyAfrica,1
1151,SME,392550101,Henley Africa,HenleyAfrica,1
1152,SMESESSIONS,392550101,Henley Africa,HenleyAfrica,1
1153,SMESession,392550101,Henley Africa,HenleyAfrica,4
1154,SMESessions,392550101,Henley Africa,HenleyAfrica,78
1155,SMESessionsPLUS,392550101,Henley Africa,HenleyAfrica,1
1156,SMESessionsPlus,392550101,Henley Africa,HenleyAfrica,10
1157,SMEs,392550101,Henley Africa,HenleyAfrica,6
1158,SMEsession,392550101,Henley Africa,HenleyAfrica,1
1159,SMEsessions,392550101,Henley Africa,HenleyAfrica,8
1160,SMMEs,392550101,Henley Africa,HenleyAfrica,1
1161,SMSSessions,392550101,Henley Africa,HenleyAfrica,2
1162,SNGGrantThornton,392550101,Henley Africa,HenleyAfrica,1
1163,SOCIALMEDIA,392550101,Henley Africa,HenleyAfrica,1
1164,SRLCHE_2019,392550101,Henley Africa,HenleyAfrica,2
1165,SaturdayMorning,392550101,Henley Africa,HenleyAfrica,2
1166,SaySiyabonga,392550101,Henley Africa,HenleyAfrica,1
1167,Screen,392550101,Henley Africa,HenleyAfrica,1
1168,SecretsMovieSA,392550101,Henley Africa,HenleyAfrica,1
1169,SelfMastery,392550101,Henley Africa,HenleyAfrica,1
1170,SelfSurvivalInstincts,392550101,Henley Africa,HenleyAfrica,2
1171,SharedValue,392550101,Henley Africa,HenleyAfrica,1
1172,SideHustle,392550101,Henley Africa,HenleyAfrica,10
1173,SimplexitySeries,392550101,Henley Africa,HenleyAfrica,4
1174,SiyaKolisi,392550101,Henley Africa,HenleyAfrica,1
1175,Skills,392550101,Henley Africa,HenleyAfrica,9
1176,Smesessions,392550101,Henley Africa,HenleyAfrica,1
1177,Society,392550101,Henley Africa,HenleyAfrica,4
1178,SouthAfrica,392550101,Henley Africa,HenleyAfrica,6
1179,Springboks,392550101,Henley Africa,HenleyAfrica,1
1180,StateCapture,392550101,Henley Africa,HenleyAfrica,1
1181,StoriesofAfrica,392550101,Henley Africa,HenleyAfrica,1
1182,Storytelling,392550101,Henley Africa,HenleyAfrica,1
1183,StrategicallyOpportunistic,392550101,Henley Africa,HenleyAfrica,1
1184,Strategy,392550101,Henley Africa,HenleyAfrica,12
1185,StudyHard,392550101,Henley Africa,HenleyAfrica,1
1186,Success,392550101,Henley Africa,HenleyAfrica,88
1187,SurvivalLessons,392550101,Henley Africa,HenleyAfrica,6
1188,SurvivalStrategies,392550101,Henley Africa,HenleyAfrica,1
1189,THC2019,392550101,Henley Africa,HenleyAfrica,1
1190,TalentFactory,392550101,Henley Africa,HenleyAfrica,4
1191,TechForNonTechies,392550101,Henley Africa,HenleyAfrica,1
1192,Technology,392550101,Henley Africa,HenleyAfrica,4
1193,TheConnectedMarketers,392550101,Henley Africa,HenleyAfrica,1
1194,TheGathering,392550101,Henley Africa,HenleyAfrica,1
1195,TheNetworkEffect,392550101,Henley Africa,HenleyAfrica,1
1196,TheresaMay,392550101,Henley Africa,HenleyAfrica,1
1197,Throwback,392550101,Henley Africa,HenleyAfrica,2
1198,Tips,392550101,Henley Africa,HenleyAfrica,2
1199,Tools,392550101,Henley Africa,HenleyAfrica,14
1200,TopTips,392550101,Henley Africa,HenleyAfrica,4
1201,TradeWars,392550101,Henley Africa,HenleyAfrica,1
1202,TripleAccredited,392550101,Henley Africa,HenleyAfrica,7
1203,Trust,392550101,Henley Africa,HenleyAfrica,1
1204,TuesdayMotivation,392550101,Henley Africa,HenleyAfrica,1
1205,Tweethearts,392550101,Henley Africa,HenleyAfrica,1
1206,Ubuntu,392550101,Henley Africa,HenleyAfrica,1
1207,UnitingForGood,392550101,Henley Africa,HenleyAfrica,1
1208,Veganuary,392550101,Henley Africa,HenleyAfrica,1
1209,Vietnam,392550101,Henley Africa,HenleyAfrica,1
1210,Virtual,392550101,Henley Africa,HenleyAfrica,1
1211,VoicesUnite,392550101,Henley Africa,HenleyAfrica,1
1212,WOW2030,392550101,Henley Africa,HenleyAfrica,3
1213,WTF,392550101,Henley Africa,HenleyAfrica,1
1214,WatchThisSpace,392550101,Henley Africa,HenleyAfrica,2
1215,WeAreOnYourSideHustle,392550101,Henley Africa,HenleyAfrica,2
1216,WednesdayWisdom,392550101,Henley Africa,HenleyAfrica,2
1217,Wellness,392550101,Henley Africa,HenleyAfrica,8
1218,Wenger,392550101,Henley Africa,HenleyAfrica,1
1219,WhatsApp,392550101,Henley Africa,HenleyAfrica,1
1220,Winners,392550101,Henley Africa,HenleyAfrica,1
1221,Wisdom,392550101,Henley Africa,HenleyAfrica,44
1222,WomenInLeadership,392550101,Henley Africa,HenleyAfrica,4
1223,Workplace,392550101,Henley Africa,HenleyAfrica,4
1224,WorldEmojiDay,392550101,Henley Africa,HenleyAfrica,1
1225,WorldEmojiDay2020,392550101,Henley Africa,HenleyAfrica,1
1226,WorldOfWork,392550101,Henley Africa,HenleyAfrica,2
1227,WorldofWorld,392550101,Henley Africa,HenleyAfrica,1
1228,Youth,392550101,Henley Africa,HenleyAfrica,3
1229,YouthDay,392550101,Henley Africa,HenleyAfrica,1
1230,YouthMonth,392550101,Henley Africa,HenleyAfrica,5
1231,achievement,392550101,Henley Africa,HenleyAfrica,1
1232,addingvalue,392550101,Henley Africa,HenleyAfrica,1
1233,admiration,392550101,Henley Africa,HenleyAfrica,1
1234,africa,392550101,Henley Africa,HenleyAfrica,1
1235,africaunite,392550101,Henley Africa,HenleyAfrica,1
1236,agile,392550101,Henley Africa,HenleyAfrica,2
1237,agri,392550101,Henley Africa,HenleyAfrica,1
1238,amazingachievment,392550101,Henley Africa,HenleyAfrica,1
1239,appliedjourneyarchitectprogramme,392550101,Henley Africa,HenleyAfrica,1
1240,artists,392550101,Henley Africa,HenleyAfrica,1
1241,behaviour,392550101,Henley Africa,HenleyAfrica,3
1242,bizpressoffice,392550101,Henley Africa,HenleyAfrica,1
1243,blackbox,392550101,Henley Africa,HenleyAfrica,1
1244,bookclub,392550101,Henley Africa,HenleyAfrica,1
1245,booklover,392550101,Henley Africa,HenleyAfrica,1
1246,books,392550101,Henley Africa,HenleyAfrica,1
1247,braveconversations,392550101,Henley Africa,HenleyAfrica,1
1248,bschools,392550101,Henley Africa,HenleyAfrica,1
1249,buildingacommunity,392550101,Henley Africa,HenleyAfrica,1
1250,business,392550101,Henley Africa,HenleyAfrica,9
1251,businessagainstcorruption,392550101,Henley Africa,HenleyAfrica,1
1252,businessblog,392550101,Henley Africa,HenleyAfrica,1
1253,businessbreakfast,392550101,Henley Africa,HenleyAfrica,2
1254,businessschool,392550101,Henley Africa,HenleyAfrica,2
1255,businessschoolbarbie,392550101,Henley Africa,HenleyAfrica,1
1256,collaboration,392550101,Henley Africa,HenleyAfrica,1
1257,community,392550101,Henley Africa,HenleyAfrica,1
1258,companyculture,392550101,Henley Africa,HenleyAfrica,4
1259,continuouslearners,392550101,Henley Africa,HenleyAfrica,1
1260,covid,392550101,Henley Africa,HenleyAfrica,1
1261,creative,392550101,Henley Africa,HenleyAfrica,7
1262,creativity,392550101,Henley Africa,HenleyAfrica,11
1263,cryptocurrency,392550101,Henley Africa,HenleyAfrica,3
1264,customerexperience,392550101,Henley Africa,HenleyAfrica,3
1265,cxday,392550101,Henley Africa,HenleyAfrica,1
1266,dailymotivation,392550101,Henley Africa,HenleyAfrica,1
1267,day21lockdown,392550101,Henley Africa,HenleyAfrica,1
1268,day21oflockdown,392550101,Henley Africa,HenleyAfrica,10
1269,day32oflockdown,392550101,Henley Africa,HenleyAfrica,1
1270,deonhanns,392550101,Henley Africa,HenleyAfrica,1
1271,designthinking,392550101,Henley Africa,HenleyAfrica,2
1272,developmemt,392550101,Henley Africa,HenleyAfrica,1
1273,development,392550101,Henley Africa,HenleyAfrica,1
1274,digital,392550101,Henley Africa,HenleyAfrica,3
1275,diversity,392550101,Henley Africa,HenleyAfrica,1
1276,dramalahmadi,392550101,Henley Africa,HenleyAfrica,1
1277,eLearning,392550101,Henley Africa,HenleyAfrica,1
1278,eNCA,392550101,Henley Africa,HenleyAfrica,1
1279,earlybird,392550101,Henley Africa,HenleyAfrica,7
1280,economic,392550101,Henley Africa,HenleyAfrica,3
1281,economy,392550101,Henley Africa,HenleyAfrica,1
1282,education,392550101,Henley Africa,HenleyAfrica,3
1283,engagement,392550101,Henley Africa,HenleyAfrica,1
1284,entrepreneurs,392550101,Henley Africa,HenleyAfrica,7
1285,environmental,392550101,Henley Africa,HenleyAfrica,3
1286,envy,392550101,Henley Africa,HenleyAfrica,5
1287,ethics,392550101,Henley Africa,HenleyAfrica,1
1288,familyfriendly,392550101,Henley Africa,HenleyAfrica,3
1289,freeonlinelearning,392550101,Henley Africa,HenleyAfrica,1
1290,furthertogether,392550101,Henley Africa,HenleyAfrica,1
1291,futurefit,392550101,Henley Africa,HenleyAfrica,3
1292,gettinghired,392550101,Henley Africa,HenleyAfrica,1
1293,globalisation,392550101,Henley Africa,HenleyAfrica,1
1294,globalnetwork,392550101,Henley Africa,HenleyAfrica,1
1295,graduation,392550101,Henley Africa,HenleyAfrica,1
1296,henelygrad,392550101,Henley Africa,HenleyAfrica,1
1297,henley,392550101,Henley Africa,HenleyAfrica,1
1298,henleyAfrica,392550101,Henley Africa,HenleyAfrica,3
1299,henleyafrica,392550101,Henley Africa,HenleyAfrica,27
1300,henleyalumni,392550101,Henley Africa,HenleyAfrica,4
1301,henleybusinessschool,392550101,Henley Africa,HenleyAfrica,1
1302,highperformance,392550101,Henley Africa,HenleyAfrica,1
1303,ideas,392550101,Henley Africa,HenleyAfrica,1
1304,imCORE,392550101,Henley Africa,HenleyAfrica,1
1305,infosession,392550101,Henley Africa,HenleyAfrica,1
1306,innovation,392550101,Henley Africa,HenleyAfrica,7
1307,insiders,392550101,Henley Africa,HenleyAfrica,1
1308,insight,392550101,Henley Africa,HenleyAfrica,1
1309,inspired,392550101,Henley Africa,HenleyAfrica,1
1310,international,392550101,Henley Africa,HenleyAfrica,7
1311,joinedforcesforgood,392550101,Henley Africa,HenleyAfrica,1
1312,joiningforcesforgood,392550101,Henley Africa,HenleyAfrica,1
1313,leaderex2019,392550101,Henley Africa,HenleyAfrica,1
1314,leadership,392550101,Henley Africa,HenleyAfrica,25
1315,leanstartup,392550101,Henley Africa,HenleyAfrica,1
1316,learningfromhome,392550101,Henley Africa,HenleyAfrica,3
1317,library,392550101,Henley Africa,HenleyAfrica,1
1318,lifelonglearning,392550101,Henley Africa,HenleyAfrica,1
1319,lockdown,392550101,Henley Africa,HenleyAfrica,7
1320,makingadifference,392550101,Henley Africa,HenleyAfrica,2
1321,management,392550101,Henley Africa,HenleyAfrica,2
1322,mandeladay,392550101,Henley Africa,HenleyAfrica,1
1323,mba,392550101,Henley Africa,HenleyAfrica,1
1324,mbabarbie,392550101,Henley Africa,HenleyAfrica,1
1325,mbamama,392550101,Henley Africa,HenleyAfrica,1
1326,millennial,392550101,Henley Africa,HenleyAfrica,1
1327,mpesa,392550101,Henley Africa,HenleyAfrica,1
1328,newbeginnings,392550101,Henley Africa,HenleyAfrica,1
1329,onlinelearning,392550101,Henley Africa,HenleyAfrica,1
1330,opportunities,392550101,Henley Africa,HenleyAfrica,1
1331,outsidersZA,392550101,Henley Africa,HenleyAfrica,1
1332,overcomingfear,392550101,Henley Africa,HenleyAfrica,1
1333,politics,392550101,Henley Africa,HenleyAfrica,1
1334,poverty,392550101,Henley Africa,HenleyAfrica,1
1335,pride,392550101,Henley Africa,HenleyAfrica,1
1336,productive,392550101,Henley Africa,HenleyAfrica,4
1337,productivity,392550101,Henley Africa,HenleyAfrica,4
1338,proud,392550101,Henley Africa,HenleyAfrica,2
1339,quoteoftheday,392550101,Henley Africa,HenleyAfrica,1
1340,quotes,392550101,Henley Africa,HenleyAfrica,1
1341,reading,392550101,Henley Africa,HenleyAfrica,1
1342,resilence,392550101,Henley Africa,HenleyAfrica,1
1343,resilience,392550101,Henley Africa,HenleyAfrica,4
1344,risk,392550101,Henley Africa,HenleyAfrica,3
1345,riskmanagement,392550101,Henley Africa,HenleyAfrica,1
1346,sameness,392550101,Henley Africa,HenleyAfrica,1
1347,sidehustling,392550101,Henley Africa,HenleyAfrica,6
1348,sme,392550101,Henley Africa,HenleyAfrica,1
1349,smelessons,392550101,Henley Africa,HenleyAfrica,1
1350,smesessions,392550101,Henley Africa,HenleyAfrica,11
1351,socks,392550101,Henley Africa,HenleyAfrica,1
1352,startup,392550101,Henley Africa,HenleyAfrica,1
1353,startuptools,392550101,Henley Africa,HenleyAfrica,1
1354,statecapture,392550101,Henley Africa,HenleyAfrica,1
1355,storytelling,392550101,Henley Africa,HenleyAfrica,2
1356,strategy,392550101,Henley Africa,HenleyAfrica,1
1357,students,392550101,Henley Africa,HenleyAfrica,1
1358,study,392550101,Henley Africa,HenleyAfrica,1
1359,superproud,392550101,Henley Africa,HenleyAfrica,1
1360,survivalstrategies,392550101,Henley Africa,HenleyAfrica,1
1361,systemsthinking,392550101,Henley Africa,HenleyAfrica,1
1362,teamworkandcollaborations,392550101,Henley Africa,HenleyAfrica,1
1363,tech,392550101,Henley Africa,HenleyAfrica,1
1364,technology,392550101,Henley Africa,HenleyAfrica,4
1365,thirdworld,392550101,Henley Africa,HenleyAfrica,1
1366,tradewar,392550101,Henley Africa,HenleyAfrica,3
1367,truthbomb,392550101,Henley Africa,HenleyAfrica,1
1368,upside,392550101,Henley Africa,HenleyAfrica,1
1369,vegan,392550101,Henley Africa,HenleyAfrica,1
1370,virtuallearning,392550101,Henley Africa,HenleyAfrica,1
1371,warmingstripes,392550101,Henley Africa,HenleyAfrica,1
1372,workingfromhome,392550101,Henley Africa,HenleyAfrica,3
1373,workplace,392550101,Henley Africa,HenleyAfrica,5
1374,worldeconomy,392550101,Henley Africa,HenleyAfrica,7
1375,youarenotalone,392550101,Henley Africa,HenleyAfrica,1
